<?xml version="1.0" encoding="UTF-8"?>
<project-private xmlns="http://www.netbeans.org/ns/project-private/1">
    <editor-bookmarks xmlns="http://www.netbeans.org/ns/editor-bookmarks/2" lastBookmarkId="0"/>
    <open-files xmlns="http://www.netbeans.org/ns/projectui-open-files/2">
        <group>
            <file>file:/C:/Users/dell/Documents/NetBeansProjects/Hospital/src/hospital/viewdetailDoc.java</file>
            <file>file:/C:/Users/dell/Documents/NetBeansProjects/Hospital/src/hospital/welcome.java</file>
            <file>file:/C:/Users/dell/Documents/NetBeansProjects/Hospital/src/hospital/fireDoctor.java</file>
            <file>file:/C:/Users/dell/Documents/NetBeansProjects/Hospital/src/hospital/editPatient.java</file>
            <file>file:/C:/Users/dell/Documents/NetBeansProjects/Hospital/src/hospital/DOCTORS.java</file>
            <file>file:/C:/Users/dell/Documents/NetBeansProjects/Hospital/src/hospital/PATIENT.java</file>
            <file>file:/C:/Users/dell/Documents/NetBeansProjects/Hospital/src/hospital/dischargePatient.java</file>
            <file>file:/C:/Users/dell/Documents/NetBeansProjects/Hospital/src/hospital/LoginPage.java</file>
            <file>file:/C:/Users/dell/Documents/NetBeansProjects/Hospital/src/hospital/editDoctor.java</file>
            <file>file:/C:/Users/dell/Documents/NetBeansProjects/Hospital/src/hospital/viewrecordsPatient.java</file>
            <file>file:/C:/Users/dell/Documents/NetBeansProjects/Hospital/src/hospital/Hospital.java</file>
            <file>file:/C:/Users/dell/Documents/NetBeansProjects/Hospital/src/hospital/admitPatient.java</file>
            <file>file:/C:/Users/dell/Documents/NetBeansProjects/Hospital/src/hospital/addDoctor.java</file>
        </group>
    </open-files>
</project-private>
